airline_name,image_link
"Qatar Airways",https://www.dropbox.com/s/uqfma4domqatid3/qatar.png?dl=0
Lufthansa,https://www.dropbox.com/s/8pgkxukwfjjss2p/lufthansa.png?dl=0
Indigo,https://www.dropbox.com/s/enp28mweejmqehw/IndiGo.png?dl=0
"Jet Airways",https://www.dropbox.com/s/hy5y9bq2bv48w54/jetairways.png?dl=0
EgyptAir,https://www.dropbox.com/s/c1kjsj2unzxmj5h/egyptair.png?dl=0
"Japan Airlines",https://www.dropbox.com/s/g30ikrlb5xda7mp/japanairlines.png?dl=0
Emirates,https://www.dropbox.com/s/kjeqbpdobrgniv7/emirates.png?dl=0
"Air Canada",https://www.dropbox.com/s/yh3u57nju1l9qpx/aircanada.jpeg?dl=0
"American Airlines",https://www.dropbox.com/s/9ed9py2n5v9empq/americanairlines.jpg?dl=0
"Air Asia",https://www.dropbox.com/s/m7btw8pybwimj8z/airasia.png?dl=0
"Air India",https://www.dropbox.com/s/j4pu6ospzwl4x4f/airindia.jpg?dl=0
Ethiopian,https://www.dropbox.com/s/yeb6mcfkhy1ye5g/EthiopianAirlines.png?dl=0
"Cathay Dragon",https://www.dropbox.com/s/xaviuo6bjt3vn9v/CathayDragon.png?dl=0
"Korean Air",https://www.dropbox.com/s/8jvld9c13vcvaol/koreanair.jpg?dl=0
Swiss,https://www.dropbox.com/s/p4tjuhic2qqucu1/swiss.png?dl=0
"Air China",https://www.dropbox.com/s/ss3ya998xrp9o8h/airchina.png?dl=0
"Aer Lingus",https://www.dropbox.com/s/3pr9avb192azh4d/aerlingus.jpg?dl=0
Iberia,https://www.dropbox.com/s/w3171fp61lsy0l4/iberia.png?dl=0
Mexicana,https://www.dropbox.com/s/48vzzm0wakrpsu7/mexicana.png?dl=0
"Turkish Airlines",https://www.dropbox.com/s/82hi0elwpgeuhjh/turkishairlines.png?dl=0
"British Airways",https://www.dropbox.com/s/757meer4vwnzuiy/britishairways.png?dl=0
"Delta Airlines",https://www.dropbox.com/s/bdn6a5opme21cic/deltaairlines.png?dl=0
"Aerolineus Argentinas",https://www.dropbox.com/s/rr94f86mxvg1dqx/Aerol%C3%ADneasArgentinas.png?dl=0
"Singapore Airlines",https://www.dropbox.com/s/vj8p73ftuzy72r9/SingaporeAirlines.png?dl=0
"Malaysian Airlines",https://www.dropbox.com/s/mz6qbwvsls2a69b/malaysianairlines.png?dl=0
"Alaska Airlines",https://www.dropbox.com/s/9h4vvk4iu481e3j/alaskaairlines.png?dl=0
